{
  "affirm": {
    "precision": 0.5833333333333334,
    "recall": 0.6363636363636364,
    "f1-score": 0.6086956521739131,
    "support": 11,
    "confused_with": {
      "faq": 2,
      "greet": 1
    }
  },
  "deny": {
    "precision": 0.6363636363636364,
    "recall": 0.6363636363636364,
    "f1-score": 0.6363636363636364,
    "support": 11,
    "confused_with": {
      "mood_unhappy": 3,
      "affirm": 1
    }
  },
  "faq": {
    "precision": 0.9948559670781894,
    "recall": 1.0,
    "f1-score": 0.997421351211965,
    "support": 967,
    "confused_with": {}
  },
  "mood_unhappy": {
    "precision": 0.625,
    "recall": 0.7142857142857143,
    "f1-score": 0.6666666666666666,
    "support": 14,
    "confused_with": {
      "deny": 2,
      "faq": 1
    }
  },
  "greet": {
    "precision": 0.8181818181818182,
    "recall": 0.6923076923076923,
    "f1-score": 0.7500000000000001,
    "support": 13,
    "confused_with": {
      "deny": 2,
      "mood_great": 1
    }
  },
  "goodbye": {
    "precision": 0.8333333333333334,
    "recall": 0.6666666666666666,
    "f1-score": 0.7407407407407408,
    "support": 15,
    "confused_with": {
      "mood_great": 2,
      "greet": 1
    }
  },
  "mood_great": {
    "precision": 0.7272727272727273,
    "recall": 0.5714285714285714,
    "f1-score": 0.64,
    "support": 14,
    "confused_with": {
      "mood_unhappy": 3,
      "affirm": 2
    }
  },
  "accuracy": 0.9741626794258373,
  "macro avg": {
    "precision": 0.7454772593661483,
    "recall": 0.702487988202274,
    "f1-score": 0.719984006736703,
    "support": 1045
  },
  "weighted avg": {
    "precision": 0.9736943240664665,
    "recall": 0.9741626794258373,
    "f1-score": 0.973546931330457,
    "support": 1045
  }
}